{"cameraMode":{"drawMode":0,"name":"Shaded","section":"Shading Mode"},"sceneLighting":true,"audioPlay":false,"sceneViewState":{"showFog":true,"showMaterialUpdate":false,"showSkybox":true,"showFlares":true,"showImageEffects":true,"showParticleSystems":true},"in2DMode":false,"pivot":{"x":-0.2142268717288971,"y":-0.38443806767463686,"z":0.686766505241394},"rotation":{"x":0.3347508907318115,"y":-0.01696028746664524,"z":0.0060261767357587818,"w":0.9421356916427612},"size":4.7329864501953129,"orthographic":true}